{
    "train_loss": [
        1.4933855913024454,
        1.2626381749224178,
        1.0479106831765874,
        0.8511464348226853,
        0.71407152823347,
        0.6378041154644021,
        0.5729618396097058,
        0.5388663045170614,
        0.5143576530113178,
        0.5148944039377079
    ],
    "train_acc": [
        0.36681715575620766,
        0.5914221218961625,
        0.7471783295711061,
        0.8069977426636569,
        0.8600451467268623,
        0.8623024830699774,
        0.891647855530474,
        0.8893905191873589,
        0.8972911963882618,
        0.9085778781038374
    ],
    "val_loss": [
        1.3944173256556194,
        1.1719335532403208,
        0.9656547952342678,
        0.8157404645069225,
        0.7135454298139693,
        0.6495403792407062,
        0.6117311205949869,
        0.5863402362342354,
        0.5786214245332254,
        0.5763714098715568
    ],
    "val_acc": [
        0.4774774774774775,
        0.6576576576576576,
        0.7477477477477478,
        0.8018018018018018,
        0.8333333333333334,
        0.8513513513513513,
        0.8513513513513513,
        0.8513513513513513,
        0.8558558558558559,
        0.8513513513513513
    ],
    "learning_rates": [
        4.8776412907378845e-06,
        4.522542485937369e-06,
        3.969463130731183e-06,
        3.272542485937369e-06,
        2.5e-06,
        1.7274575140626318e-06,
        1.0305368692688175e-06,
        4.774575140626317e-07,
        1.2235870926211617e-07,
        0.0
    ]
}