{
    "train_loss": [
        1.566487112109871,
        1.3409898945763203,
        1.090982712149351,
        0.856191124657745,
        0.6650629732463483,
        0.5498139344273517,
        0.49178658953907795,
        0.4434437808280067,
        0.41510072834873846,
        0.4174883048098459
    ],
    "train_acc": [
        0.3329571106094808,
        0.5395033860045146,
        0.729119638826185,
        0.8397291196388261,
        0.8905191873589164,
        0.9108352144469525,
        0.9164785553047403,
        0.9142212189616252,
        0.9367945823927765,
        0.9266365688487583
    ],
    "val_loss": [
        1.4397485997225787,
        1.1674973041087657,
        0.8988746721465308,
        0.6892230548300184,
        0.5449109732567727,
        0.45901628952842577,
        0.41620752295932256,
        0.3885225492554742,
        0.37711876765027774,
        0.3743854594660235
    ],
    "val_acc": [
        0.47297297297297297,
        0.7117117117117117,
        0.8468468468468469,
        0.8738738738738738,
        0.9189189189189189,
        0.9369369369369369,
        0.9414414414414415,
        0.9414414414414415,
        0.9414414414414415,
        0.9414414414414415
    ],
    "learning_rates": [
        4.8776412907378845e-06,
        4.522542485937369e-06,
        3.969463130731183e-06,
        3.272542485937369e-06,
        2.5e-06,
        1.7274575140626318e-06,
        1.0305368692688175e-06,
        4.774575140626317e-07,
        1.2235870926211617e-07,
        0.0
    ]
}